-- EDITORAS
INSERT INTO editoras (nome, cidade) VALUES
    ('Penguin Books',             'Londres'),
    ('HarperCollins',             'Nova York'),
    ('Objetiva',                  'Rio de Janeiro'),
    ('L&PM Editores',             'Porto Alegre'),
    ('Planeta',                   'São Paulo'),
    ('Sextante',                  'Rio de Janeiro'),
    ('Darkside Books',            'Rio de Janeiro'),
    ('Aleph',                     'São Paulo'),
    ('Zahar',                     'Rio de Janeiro'),
    ('Cosac Naify',               'São Paulo');


-- AUTORES
INSERT INTO autores (nome, nacionalidade) VALUES
    ('Ray Bradbury',              'Norte-americano'),
    ('Franz Kafka',               'Tcheco'),
    ('Fiódor Dostoiévski',        'Russo'),
    ('Lev Tolstói',               'Russo'),
    ('Gabriel García Márquez',    'Colombiano'),
    ('Jorge Amado',               'Brasileiro'),
    ('Guimarães Rosa',            'Brasileiro'),
    ('Lima Barreto',              'Brasileiro'),
    ('José Saramago',             'Português'),
    ('Fernando Pessoa',           'Português'),
    ('Virginia Woolf',            'Britânica'),
    ('Ernest Hemingway',          'Norte-americano'),
    ('F. Scott Fitzgerald',       'Norte-americano'),
    ('William Faulkner',          'Norte-americano'),
    ('Toni Morrison',             'Norte-americana'),
    ('Haruki Murakami',           'Japonês'),
    ('Chimamanda Ngozi Adichie',  'Nigeriana'),
    ('Isabel Allende',            'Chilena'),
    ('Italo Calvino',             'Italiano'),
    ('Albert Camus',              'Francês');


-- GÊNEROS
INSERT INTO generos (nome) VALUES
    ('Terror'),
    ('Thriller'),
    ('Fantasia'),
    ('Biografia'),
    ('Conto'),
    ('Policial'),
    ('Literatura Estrangeira'),
    ('Realismo Mágico'),
    ('Filosofia'),
    ('Poesia');


-- USUÁRIOS
INSERT INTO usuarios (nome, email, cpf, data_cadastro) VALUES
    ('Diego Ferreira',      'diego.ferreira@mail.com',      '10011022200', '2024-01-10'),
    ('Eduarda Nunes',       'eduarda.nunes@mail.com',       '10111122200', '2024-01-15'),
    ('Felipe Costa',        'felipe.costa@mail.com',        '10211222200', '2024-01-20'),
    ('Gabriela Alves',      'gabriela.alves@mail.com',      '10311322200', '2024-02-01'),
    ('Henrique Barbosa',    'henrique.barbosa@mail.com',    '10411422200', '2024-02-05'),
    ('Isabela Cardoso',     'isabela.cardoso@mail.com',     '10511522200', '2024-02-10'),
    ('João Duarte',         'joao.duarte@mail.com',         '10611622200', '2024-02-14'),
    ('Karen Esteves',       'karen.esteves@mail.com',       '10711722200', '2024-02-20'),
    ('Leonardo Farias',     'leonardo.farias@mail.com',     '10811822200', '2024-03-01'),
    ('Marina Gonçalves',    'marina.goncalves@mail.com',    '10911922200', '2024-03-05'),
    ('Nicolas Henrique',    'nicolas.henrique@mail.com',    '11012022200', '2024-03-10'),
    ('Olivia Inoue',        'olivia.inoue@mail.com',        '11112122200', '2024-03-15'),
    ('Pedro Jacobsen',      'pedro.jacobsen@mail.com',      '11212222200', '2024-03-20'),
    ('Queila Lima',         'queila.lima@mail.com',         '11312322200', '2024-04-01'),
    ('Rafael Mendes',       'rafael.mendes@mail.com',       '11412422200', '2024-04-05'),
    ('Sabrina Nogueira',    'sabrina.nogueira@mail.com',    '11512522200', '2024-04-10'),
    ('Thiago Oliveira',     'thiago.oliveira@mail.com',     '11612622200', '2024-04-15'),
    ('Ursula Pacheco',      'ursula.pacheco@mail.com',      '11712722200', '2024-04-20'),
    ('Victor Queiroz',      'victor.queiroz@mail.com',      '11812822200', '2024-05-01'),
    ('Wanessa Ramos',       'wanessa.ramos@mail.com',       '11912922200', '2024-05-05'),
    ('Xavier Santos',       'xavier.santos@mail.com',       '12013022200', '2024-05-10'),
    ('Yasmin Teixeira',     'yasmin.teixeira@mail.com',     '12113122200', '2024-05-15'),
    ('Zé Ulisses',          'ze.ulisses@mail.com',          '12213222200', '2024-05-20'),
    ('Amanda Vargas',       'amanda.vargas@mail.com',       '12313322200', '2024-06-01'),
    ('Bernardo Wagner',     'bernardo.wagner@mail.com',     '12413422200', '2024-06-05'),
    ('Camila Xavier',       'camila.xavier@mail.com',       '12513522200', '2024-06-10'),
    ('Daniel Yunes',        'daniel.yunes@mail.com',        '12613622200', '2024-06-15'),
    ('Elisa Zanetti',       'elisa.zanetti@mail.com',       '12713722200', '2024-06-20'),
    ('Fábio Abreu',         'fabio.abreu@mail.com',         '12813822200', '2024-07-01'),
    ('Giovanna Braga',      'giovanna.braga@mail.com',      '12913922200', '2024-07-05'),
    ('Heitor Cunha',        'heitor.cunha@mail.com',        '13014022200', '2024-07-10'),
    ('Iara Dutra',          'iara.dutra@mail.com',          '13114122200', '2024-07-15'),
    ('Júnior Evangelista',  'junior.evangelista@mail.com',  '13214222200', '2024-07-20'),
    ('Kátia Fonseca',       'katia.fonseca@mail.com',       '13314322200', '2024-08-01'),
    ('Lucas Gomes',         'lucas.gomes@mail.com',         '13414422200', '2024-08-05'),
    ('Mônica Hoffmann',     'monica.hoffmann@mail.com',     '13514522200', '2024-08-10'),
    ('Nelson Ishikawa',     'nelson.ishikawa@mail.com',     '13614622200', '2024-08-15'),
    ('Paloma Jardim',       'paloma.jardim@mail.com',       '13714722200', '2024-08-20'),
    ('Quirino Lacerda',     'quirino.lacerda@mail.com',     '13814822200', '2024-09-01'),
    ('Roberta Maia',        'roberta.maia@mail.com',        '13914922200', '2024-09-05'),
    ('Sérgio Neves',        'sergio.neves@mail.com',        '14015022200', '2024-09-10'),
    ('Tatiane Oliva',       'tatiane.oliva@mail.com',       '14115122200', '2024-09-15'),
    ('Umberto Prado',       'umberto.prado@mail.com',       '14215222200', '2024-09-20'),
    ('Vanessa Quental',     'vanessa.quental@mail.com',     '14315322200', '2024-10-01'),
    ('Wendell Ribas',       'wendell.ribas@mail.com',       '14415422200', '2024-10-05'),
    ('Xênia Salgado',       'xenia.salgado@mail.com',       '14515522200', '2024-10-10'),
    ('Yago Trindade',       'yago.trindade@mail.com',       '14615622200', '2024-10-15'),
    ('Zoraide Uchoa',       'zoraide.uchoa@mail.com',       '14715722200', '2024-10-20'),
    ('Alexandre Vidal',     'alexandre.vidal@mail.com',     '14815822200', '2024-11-01'),
    ('Beatriz Werneck',     'beatriz.werneck@mail.com',     '14915922200', '2024-11-05');


-- LIVROS
INSERT INTO livros (titulo, isbn, ano_publicacao, id_editora) VALUES
    ('Crime e Castigo',                       '9788535911732', 1866,  9),
    ('O Processo',                            '9788535912340', 1925,  6),
    ('A Metamorfose',                         '9788535912357', 1915,  6),
    ('Cem Anos de Solidão',                   '9788535916088', 1967,  1),
    ('O Amor nos Tempos do Cólera',           '9788535916095', 1985,  1),
    ('Gabriela, Cravo e Canela',              '9788528615012', 1958,  7),
    ('Capitães da Areia',                     '9788528615029', 1937,  7),
    ('Grande Sertão: Veredas',                '9788520916700', 1956,  1),
    ('Triste Fim de Policarpo Quaresma',      '9788525415271', 1915,  4),
    ('Recordações do Escrivão Isaías Caminha','9788525415288', 1909,  4),
    ('Ensaio sobre a Cegueira',               '9788535911749', 1995,  1),
    ('O Nome da Rosa',                        '9788580862025', 1980,  8),
    ('Kafka à Beira-Mar',                     '9788535922530', 2002,  1),
    ('Norwegian Wood',                        '9788535930276', 1987,  1),
    ('Meio Sol Amarelo',                      '9788535920666', 2006,  1),
    ('A Casa dos Espíritos',                  '9788501080394', 1982,  3),
    ('Se um Viajante numa Noite de Inverno',  '9788580860672', 1979,  8),
    ('O Estrangeiro',                         '9788535907223', 1942,  1),
    ('A Peste',                               '9788535920659', 1947,  1),
    ('Orlando',                               '9788580860689', 1928,  8),
    ('Mrs Dalloway',                          '9788580860696', 1925,  8),
    ('O Velho e o Mar',                       '9788535906578', 1952,  1),
    ('Por Quem os Sinos Dobram',              '9788535906585', 1940,  1),
    ('O Grande Gatsby',                       '9788535904154', 1925,  1),
    ('O Som e a Fúria',                       '9788535904161', 1929,  1),
    ('Amada',                                 '9788535904178', 1987,  1),
    ('1984',                                  '9788535914849', 1949,  1),
    ('A Revolução dos Bichos',                '9788535914856', 1945,  1),
    ('Admirável Mundo Novo',                  '9788535904727', 1932,  1),
    ('Ilha',                                  '9788535904734', 1962,  1),
    ('A Paixão Segundo G.H.',                 '9788531208768', 1964,  1),
    ('Água Viva',                             '9788531208775', 1973,  1),
    ('Esaú e Jacó',                           '9788525406484', 1904,  1),
    ('Quincas Borba',                         '9788525406491', 1891,  1),
    ('Memórias Póstumas de Brás Cubas',       '9788525406507', 1881,  1),
    ('Guerra e Paz',                          '9788535912364', 1869,  9),
    ('Anna Kariênina',                        '9788535912371', 1878,  9),
    ('O Idiota',                              '9788535911756', 1869,  9),
    ('Os Irmãos Karamázov',                   '9788535911763', 1880,  9),
    ('Fahrenheit 451',                        '9788501080172', 1953,  3),
    ('It — A Coisa',                          '9788580862032', 1986,  8),
    ('O Iluminado',                           '9788580862049', 1977,  8),
    ('Duna',                                  '9788576572008', 1965,  8),
    ('Fundação',                              '9788576572015', 1951,  8),
    ('Neuromancer',                           '9788576572022', 1984,  8),
    ('O Senhor dos Anéis: A Sociedade do Anel','9788533613379', 1954, 5),
    ('Harry Potter e a Pedra Filosofal',      '9788532511010', 1997,  5),
    ('O Hobbit',                              '9788533604285', 1937,  5),
    ('Sapiens',                               '9788535928099', 2011,  1),
    ('O Poder do Hábito',                     '9788543100869', 2012,  6);


-- CÓPIAS
INSERT INTO copias (num_tombamento, id_livro, condicao) VALUES
    ('TOM-006',  5,  'Bom'),
    ('TOM-007',  5,  'Regular'),
    ('TOM-008',  5,  'Danificado'),
    ('TOM-009',  6,  'Novo'),
    ('TOM-010',  6,  'Bom'),
    ('TOM-011',  7,  'Bom'),
    ('TOM-012',  7,  'Bom'),
    ('TOM-013',  8,  'Novo'),
    ('TOM-014',  8,  'Bom'),
    ('TOM-015',  8,  'Regular'),
    ('TOM-016',  9,  'Bom'),
    ('TOM-017',  9,  'Novo'),
    ('TOM-018', 10,  'Bom'),
    ('TOM-019', 10,  'Regular'),
    ('TOM-020', 10,  'Danificado'),
    ('TOM-021', 11,  'Bom'),
    ('TOM-022', 11,  'Bom'),
    ('TOM-023', 12,  'Novo'),
    ('TOM-024', 12,  'Bom'),
    ('TOM-025', 12,  'Regular'),
    ('TOM-026', 13,  'Regular'),
    ('TOM-027', 13,  'Danificado'),
    ('TOM-028', 14,  'Bom'),
    ('TOM-029', 15,  'Novo'),
    ('TOM-030', 15,  'Bom'),
    ('TOM-031', 15,  'Bom'),
    ('TOM-032', 16,  'Bom'),
    ('TOM-033', 16,  'Regular'),
    ('TOM-034', 17,  'Novo'),
    ('TOM-035', 17,  'Bom'),
    ('TOM-036', 18,  'Bom'),
    ('TOM-037', 18,  'Regular'),
    ('TOM-038', 19,  'Novo'),
    ('TOM-039', 19,  'Bom'),
    ('TOM-040', 20,  'Bom'),
    ('TOM-041', 20,  'Bom'),
    ('TOM-042', 20,  'Regular'),
    ('TOM-043', 21,  'Bom'),
    ('TOM-044', 22,  'Novo'),
    ('TOM-045', 22,  'Bom'),
    ('TOM-046', 22,  'Bom'),
    ('TOM-047', 23,  'Bom'),
    ('TOM-048', 23,  'Regular'),
    ('TOM-049', 24,  'Bom'),
    ('TOM-050', 25,  'Bom'),
    ('TOM-051', 25,  'Regular'),
    ('TOM-052', 26,  'Bom'),
    ('TOM-053', 26,  'Danificado'),
    ('TOM-054', 27,  'Regular'),
    ('TOM-055', 28,  'Novo'),
    ('TOM-056', 28,  'Bom'),
    ('TOM-057', 29,  'Bom'),
    ('TOM-058', 30,  'Bom'),
    ('TOM-059', 30,  'Regular'),
    ('TOM-060', 31,  'Novo'),
    ('TOM-061', 31,  'Bom'),
    ('TOM-062', 31,  'Bom'),
    ('TOM-063', 31,  'Regular'),
    ('TOM-064', 32,  'Bom'),
    ('TOM-065', 32,  'Bom'),
    ('TOM-066', 33,  'Bom'),
    ('TOM-067', 33,  'Regular'),
    ('TOM-068', 34,  'Bom'),
    ('TOM-069', 35,  'Bom'),
    ('TOM-070', 35,  'Regular'),
    ('TOM-071', 36,  'Bom'),
    ('TOM-072', 37,  'Regular'),
    ('TOM-073', 37,  'Danificado'),
    ('TOM-074', 38,  'Bom'),
    ('TOM-075', 38,  'Bom'),
    ('TOM-076', 39,  'Novo'),
    ('TOM-077', 39,  'Bom'),
    ('TOM-078', 39,  'Regular'),
    ('TOM-079', 40,  'Bom'),
    ('TOM-080', 40,  'Regular'),
    ('TOM-081', 41,  'Bom'),
    ('TOM-082', 41,  'Novo'),
    ('TOM-083', 42,  'Bom'),
    ('TOM-084', 43,  'Bom'),
    ('TOM-085', 43,  'Regular'),
    ('TOM-086', 44,  'Novo'),
    ('TOM-087', 45,  'Bom'),
    ('TOM-088', 45,  'Danificado'),
    ('TOM-089', 46,  'Bom'),
    ('TOM-090', 46,  'Regular'),
    ('TOM-091', 47,  'Novo'),
    ('TOM-092', 47,  'Bom'),
    ('TOM-093', 48,  'Bom'),
    ('TOM-094', 48,  'Bom'),
    ('TOM-095', 49,  'Regular'),
    ('TOM-096', 50,  'Novo'),
    ('TOM-097', 50,  'Bom'),
    ('TOM-098', 50,  'Regular'),
    ('TOM-099', 51,  'Bom'),
    ('TOM-100', 51,  'Bom'),
    ('TOM-101', 51,  'Danificado'),
    ('TOM-102', 52,  'Novo'),
    ('TOM-103', 52,  'Bom'),
    ('TOM-104', 53,  'Novo'),
    ('TOM-105', 53,  'Bom'),
    ('TOM-106', 53,  'Bom'),
    ('TOM-107', 54,  'Bom'),
    ('TOM-108', 54,  'Regular'),
    ('TOM-109',  1,  'Regular'),
    ('TOM-110',  2,  'Danificado'),
    ('TOM-111',  3,  'Bom'),
    ('TOM-112',  4,  'Regular'),
    ('TOM-113', 31,  'Danificado'),
    ('TOM-114',  8,  'Bom'),
    ('TOM-115', 15,  'Regular'),
    ('TOM-116', 22,  'Novo'),
    ('TOM-117', 51,  'Bom'),
    ('TOM-118', 47,  'Bom'),
    ('TOM-119', 39,  'Bom'),
    ('TOM-120', 12,  'Danificado');


-- LIVRO_AUTOR
INSERT INTO livro_autor (id_livro, id_autor) VALUES
    (31, 1),
    (32, 1),
    (33, 2),
    (34, 2),
    (35, 3),
    (36, 3),
    (37, 4),
    (38, 4),
    (39, 4),
    (44, 5),
    ( 5, 7),
    ( 6, 6),
    ( 7, 6),
    ( 8, 9),
    ( 9, 9),
    (10,10),
    (11,10),
    (12,11),
    (13,12),
    (14,12),
    (15,13),
    (17,20),
    (18,20),
    (19,21),
    (20,22),
    (21,23),
    (22,24),
    (23,24),
    (24,15),
    (25,15),
    (26,16),
    (27,16),
    (28,17),
    (29,18),
    (30,19),
    (40, 8),
    (41, 8),
    (42, 7),
    (43, 7);


-- LIVRO_GENERO
INSERT INTO livro_genero (id_livro, id_genero) VALUES
    ( 5, 11),
    ( 5,  4),
    ( 6, 11),
    ( 7, 11),
    ( 8, 12),
    ( 8, 11),
    ( 9, 12),
    ( 9,  4),
    (10,  3),
    (10,  4),
    (11,  3),
    (12,  3),
    (12,  4),
    (13,  3),
    (14,  3),
    (15,  4),
    (15, 11),
    (17, 11),
    (17,  4),
    (18,  4),
    (18, 11),
    (19, 11),
    (19,  4),
    (20, 12),
    (20,  4),
    (21, 11),
    (22, 11),
    (22, 13),
    (23, 11),
    (23, 13),
    (24,  4),
    (24, 11),
    (25,  4),
    (25, 11),
    (26, 11),
    (27, 11),
    (27,  4),
    (28, 11),
    (28,  4),
    (29, 11),
    (30, 11),
    (31,  1),
    (31, 11),
    (32,  1),
    (33,  1),
    (33,  2),
    (34,  2),
    (35,  3),
    (36,  3),
    (37,  3),
    (37,  4),
    (38,  3),
    (38,  4),
    (39,  3),
    (39,  4),
    (40, 11),
    (40,  4),
    (41, 11),
    (41,  4),
    (42, 11),
    (43, 11),
    (44,  1),
    (45,  5),
    (46,  5),
    (47,  2),
    (48,  2),
    (49,  2),
    (50,  7),
    (51,  7),
    (52,  7),
    (53,  8),
    (54,  8);


-- EMPRÉSTIMOS
INSERT INTO emprestimos (id_usuario, num_tombamento, data_saida, data_prevista, data_real) VALUES
    ( 4, 'TOM-006', '2025-01-05', '2025-01-19', '2025-01-15'),
    ( 5, 'TOM-009', '2025-01-07', '2025-01-21', '2025-01-18'),
    ( 6, 'TOM-011', '2025-01-10', '2025-01-24', '2025-01-20'),
    ( 7, 'TOM-013', '2025-01-12', '2025-01-26', '2025-01-22'),
    ( 8, 'TOM-016', '2025-01-15', '2025-01-29', '2025-01-25'),
    ( 9, 'TOM-018', '2025-01-20', '2025-02-03', '2025-01-28'),
    (10, 'TOM-021', '2025-01-22', '2025-02-05', '2025-01-30'),
    (11, 'TOM-023', '2025-01-25', '2025-02-08', '2025-02-01'),
    (12, 'TOM-026', '2025-01-28', '2025-02-11', '2025-02-05'),
    (13, 'TOM-029', '2025-02-01', '2025-02-15', '2025-02-10'),
    (14, 'TOM-032', '2025-02-03', '2025-02-17', '2025-02-12'),
    (15, 'TOM-034', '2025-02-05', '2025-02-19', '2025-02-14'),
    (16, 'TOM-036', '2025-02-08', '2025-02-22', '2025-02-18'),
    (17, 'TOM-038', '2025-02-10', '2025-02-24', '2025-02-20'),
    (18, 'TOM-040', '2025-02-12', '2025-02-26', '2025-02-22'),
    (19, 'TOM-044', '2025-02-15', '2025-03-01', '2025-02-25'),
    (20, 'TOM-047', '2025-02-18', '2025-03-04', '2025-02-28'),
    (21, 'TOM-049', '2025-02-20', '2025-03-06', '2025-02-27'),
    (22, 'TOM-052', '2025-02-22', '2025-03-08', '2025-03-01'),
    (23, 'TOM-055', '2025-02-25', '2025-03-11', '2025-03-05'),
    (24, 'TOM-057', '2025-03-01', '2025-03-15', '2025-03-10'),
    (25, 'TOM-058', '2025-03-03', '2025-03-17', '2025-03-12'),
    (26, 'TOM-060', '2025-03-05', '2025-03-19', '2025-03-15'),
    (27, 'TOM-064', '2025-03-08', '2025-03-22', '2025-03-18'),
    (28, 'TOM-066', '2025-03-10', '2025-03-24', '2025-03-20'),
    (29, 'TOM-069', '2025-03-12', '2025-03-26', '2025-03-22'),
    (30, 'TOM-071', '2025-03-15', '2025-03-29', '2025-03-25'),
    (31, 'TOM-074', '2025-03-18', '2025-04-01', '2025-03-28'),
    (32, 'TOM-076', '2025-03-20', '2025-04-03', '2025-03-30'),
    (33, 'TOM-079', '2025-03-22', '2025-04-05', '2025-04-01'),
    (34, 'TOM-081', '2025-01-05', '2025-01-19', '2025-01-28'),
    (35, 'TOM-083', '2025-01-08', '2025-01-22', '2025-02-01'),
    (36, 'TOM-085', '2025-01-12', '2025-01-26', '2025-02-05'),
    (37, 'TOM-087', '2025-01-18', '2025-02-01', '2025-02-15'),
    (38, 'TOM-089', '2025-01-25', '2025-02-08', '2025-02-20'),
    (39, 'TOM-091', '2025-02-01', '2025-02-15', '2025-03-01'),
    (40, 'TOM-093', '2025-02-05', '2025-02-19', '2025-03-03'),
    (41, 'TOM-095', '2025-02-10', '2025-02-24', '2025-03-10'),
    (42, 'TOM-096', '2025-02-15', '2025-03-01', '2025-03-20'),
    (43, 'TOM-099', '2025-02-20', '2025-03-06', '2025-03-25'),
    (44, 'TOM-102', '2025-03-01', '2025-03-15', '2025-04-01'),
    (45, 'TOM-104', '2025-03-05', '2025-03-19', '2025-04-05'),
    (46, 'TOM-107', '2025-03-10', '2025-03-24', '2025-04-10'),
    (47, 'TOM-109', '2025-03-15', '2025-03-29', '2025-04-15'),
    (48, 'TOM-110', '2025-03-20', '2025-04-03', '2025-04-20'),
    (49, 'TOM-111', '2025-03-25', '2025-04-08', '2025-04-25'),
    (50, 'TOM-112', '2025-04-01', '2025-04-15', '2025-05-01'),
    (51, 'TOM-114', '2025-04-05', '2025-04-19', '2025-05-05'),
    (52, 'TOM-119', '2025-04-10', '2025-04-24', '2025-05-10'),
    ( 4, 'TOM-007', '2025-06-01', '2025-06-30', NULL),
    ( 6, 'TOM-010', '2025-06-02', '2025-06-25', NULL),
    ( 8, 'TOM-012', '2025-06-03', '2025-06-28', NULL),
    (10, 'TOM-014', '2025-06-04', '2025-06-29', NULL),
    (12, 'TOM-017', '2025-06-05', '2025-06-30', NULL),
    (14, 'TOM-019', '2025-06-06', '2025-06-25', NULL),
    (16, 'TOM-022', '2025-06-07', '2025-06-28', NULL),
    (18, 'TOM-024', '2025-06-08', '2025-06-30', NULL),
    (20, 'TOM-027', '2025-06-09', '2025-06-26', NULL),
    (22, 'TOM-030', '2025-06-10', '2025-06-27', NULL),
    (24, 'TOM-033', '2025-06-01', '2025-06-20', NULL),
    (26, 'TOM-035', '2025-06-02', '2025-06-22', NULL),
    (28, 'TOM-037', '2025-06-03', '2025-06-23', NULL),
    (30, 'TOM-039', '2025-06-04', '2025-06-24', NULL),
    (32, 'TOM-041', '2025-06-05', '2025-06-25', NULL),
    (34, 'TOM-043', '2025-06-06', '2025-06-26', NULL),
    (36, 'TOM-045', '2025-06-07', '2025-06-27', NULL),
    (38, 'TOM-048', '2025-06-08', '2025-06-28', NULL),
    (40, 'TOM-050', '2025-06-09', '2025-06-29', NULL),
    (42, 'TOM-053', '2025-06-10', '2025-06-30', NULL),
    ( 5, 'TOM-008', '2025-04-01', '2025-04-15', NULL),
    ( 7, 'TOM-015', '2025-04-05', '2025-04-19', NULL),
    ( 9, 'TOM-020', '2025-04-08', '2025-04-22', NULL),
    (11, 'TOM-025', '2025-04-10', '2025-04-24', NULL),
    (13, 'TOM-028', '2025-04-12', '2025-04-26', NULL),
    (15, 'TOM-031', '2025-04-15', '2025-04-29', NULL),
    (17, 'TOM-042', '2025-04-18', '2025-05-02', NULL),
    (19, 'TOM-046', '2025-04-20', '2025-05-04', NULL),
    (21, 'TOM-051', '2025-04-22', '2025-05-06', NULL),
    (23, 'TOM-054', '2025-04-25', '2025-05-09', NULL),
    (25, 'TOM-056', '2025-04-28', '2025-05-12', NULL),
    (27, 'TOM-059', '2025-05-01', '2025-05-15', NULL),
    (29, 'TOM-061', '2025-05-03', '2025-05-17', NULL),
    (31, 'TOM-062', '2025-05-05', '2025-05-19', NULL),
    (33, 'TOM-063', '2025-05-08', '2025-05-22', NULL),
    (35, 'TOM-065', '2025-05-10', '2025-05-24', NULL),
    (37, 'TOM-067', '2025-05-12', '2025-05-26', NULL),
    (39, 'TOM-068', '2025-05-15', '2025-05-29', NULL),
    (41, 'TOM-070', '2025-05-18', '2025-06-01', NULL),
    (43, 'TOM-072', '2025-05-20', '2025-06-03', NULL),
    (44, 'TOM-073', '2025-05-22', '2025-06-05', NULL),
    (45, 'TOM-075', '2025-05-25', '2025-06-08', NULL),
    (46, 'TOM-077', '2025-05-28', '2025-06-11', NULL),
    (47, 'TOM-078', '2025-06-01', '2025-06-13', NULL),
    (48, 'TOM-080', '2025-06-03', '2025-06-14', NULL);